{
  "project_info": {
    "project_number": "267286965519",
    "project_id": "workover-85f3d",
    "storage_bucket": "workover-85f3d.appspot.com"
  },
  "client": [
    {
      "client_info": {
        "mobilesdk_app_id": "1:267286965519:android:9632dcd374fa4d5760a27a",
        "android_client_info": {
          "package_name": "workover.com"
        }
      },
      "oauth_client": [],
      "api_key": [
        {
          "current_key": "AIzaSyAnQwQmVwlf-OpIfEFbEgbn0JJ4KRuvm7Q"
        }
      ],
      "services": {
        "appinvite_service": {
          "other_platform_oauth_client": []
        }
      }
    }
  ],
  "configuration_version": "1"
}